Worker Name,MH Number,Mobile Number
Sarika Sumit Shinde,MH131100017033,8087805716
Savita Santosh Atkari,MH131080014081,9975622863
Shalu Vilas Kuchik,MH131090014474,7498783364
Shashikala Sanjay Korade,MH131090015235,7498832150
Shital Balu Bhor,MH131090014991,7972433328
Shubham Suresh Shelke,MH131100017978,9370552710
Suhbham Jalindar Hande,MH131090015044,7030508019
Surekha Santosh Kondhavale,MH131080013617,9730824027
Suvarna Mahendra Pawar,MH131090016980,9356967849
Swati Harish Chaskar,MH131090016469,9665151299